layer_id,element_count,geometry_counts
Tracks,8751,"{""rect"":1,""use"":1,""polygon"":4352}"
ROAD_1_,206,"{""rect"":7,""use"":2,""path"":169,""polygon"":6}"
ROAD,58,"{""rect"":7,""use"":2,""path"":32,""polygon"":6}"
ROADS,40,"{""rect"":5,""use"":1,""path"":22,""polygon"":5}"
TRLY_PATH,27,"{""path"":23}"
Parking,1850,"{""path"":954,""rect"":16,""use"":4,""line"":246,""polygon"":247}"
_x39__TOILET_5_,20,"{""path"":17,""rect"":1}"
_x31__RAMP_2_,10,"{""path"":7}"
Floor_n_subwy,878,"{""rect"":22,""path"":50,""polygon"":258,""line"":257,""polyline"":1,""use"":3}"
Floor,85,"{""path"":30,""rect"":21,""polygon"":7,""line"":11,""polyline"":1}"
FLOOR_1_,13,"{""path"":11}"
Floor_Div,28,"{""rect"":20,""polygon"":7,""path"":1}"
PATHWAY,760,"{""polygon"":251,""use"":3,""line"":246}"
Ramp,76,"{""rect"":9,""path"":32}"
Ramp_5_,19,"{""rect"":3,""path"":7}"
Ramp_3_,5,"{""path"":3}"
Ramp_6_,19,"{""rect"":3,""path"":7}"
Ramp_2_,5,"{""path"":3}"
Ramp_7_,24,"{""rect"":3,""path"":11}"
Ramp_1_,10,"{""path"":7}"
RAMP,10,"{""path"":7}"
FOB,222,"{""polygon"":4,""path"":195}"
FOB_1,174,"{""polygon"":4,""path"":155}"
Fob1,6,"{""path"":2}"
FOB_2,46,"{""path"":40}"
Metro_FOB,237,"{""path"":148,""polygon"":1}"
Entry_Ext,88,"{""path"":74}"
Entry_4_,10,"{""path"":9}"
Entry_1_,10,"{""path"":9}"
Entry_2_,10,"{""path"":9}"
Entry,10,"{""path"":9}"
Entry_3_,17,"{""path"":16}"
Entry_5_,18,"{""path"":17}"
Water_VM,298,"{""rect"":21,""path"":233}"
T2_Booking,96,"{""path"":78,""rect"":7,""polygon"":1}"
ESCALTR_2_,119,"{""path"":90,""rect"":5}"
Stair,253,"{""path"":83,""polygon"":30,""rect"":74}"
_x31__Stair_1_,7,"{""path"":6}"
LIFT,55,"{""path"":37}"
_x31__lift_1_,15,"{""path"":10}"
_x31__lift_3_,15,"{""path"":10}"
_x31__lift_2_,10,"{""path"":7}"
Lift_sign,11,"{""path"":10}"
TOILET,130,"{""rect"":8,""path"":99}"
_x39__TOILET_2_,14,"{""rect"":2,""path"":10}"
_x38__TOILET_1_,19,"{""rect"":1,""path"":15}"
_x39__TOILET_1_,21,"{""rect"":2,""path"":17}"
_x39__TOILET_3_,21,"{""rect"":2,""path"":17}"
_x39__TOILET_4_,13,"{""path"":10,""rect"":1}"
_x38__TOILET_2_,18,"{""path"":15}"
Toilet_2_,17,"{""path"":15}"
Platform,242,"{""path"":130,""circle"":20}"
Terminals,39,"{""path"":33}"
